,,,,,
,ID,Shop,Category,Secondary,Comments
,1,Level 1,Normal Shop,,
,2,Class Tokens,Broken Shop,,
,3,Level 3,Normal Shop,,
,4,Level 5,Normal Shop,,
,5,Beta Shop,Badge Shop,,
,6,WarpForce Shop,Rare Shop,,
,7,Staff Shop,Staff Shop,,
,8,Helm Shop,Normal Shop,,
,9,PirateShop,Item Shop,,"Requires 22, 252, or 31176"
,10,Legend Only,Member Shop,,
,11,AdventureCoin Shop,AC Shop,,
,12,Aria's Pet Shop,Member Shop,,
,13,Warlic's Shop,Normal Shop,,
,14,Mogloween Legend,Seasonal Shop,Member Shop,
,15,Dwakel,Staff Shop,,
,16,Free Player Shop,Normal Shop,,
,17,Warrior,Broken Shop,,
,18,Rogue,Broken Shop,,
,19,Healer,Broken Shop,,
,20,Mage,Broken Shop,,
,21,Class Armors,Rare Shop,,
,22,Warrior Upgrade,Rare Shop,,
,23,Mage Upgrade,Rare Shop,,
,24,Healer Upgrade,Rare Shop,,
,25,Rogue Upgrade,Rare Shop,,
,26,Paladin,Normal Shop,,
,27,Assassin,Member Shop,,
,28,Bubble Mogloween,Seasonal Shop,,
,29,Toil Mogloween,Seasonal Shop,,
,30,Trouble Mogloween,Seasonal Shop,,
,31,Battleon Assorted shop,Normal Shop,,
,32,Luna Cove Merge,Merge Shop,,
,33,Oishii's Harvest Shop,Seasonal Shop,,
,34,Frostval Gift Boxes!,Seasonal Shop,,
,35,Frostval Caves,Seasonal Shop,,
,36,Frostval Factory,Seasonal Shop,,
,37,Wedding Shop,Merge Shop,,
,38,Dragonslayer,Normal Shop,,
,39,Adventurer Gear,Normal Shop,,
,40,Artix's Shop,Rare Shop,,
,41,Armor Shop,Normal Shop,,
,42,Nulgath,Broken Shop,,
,43,Lorebowl Shop,Seasonal Shop,,
,44,Murry's Shop,Normal Shop,,
,45,Chaos Shop,Member Shop,,
,46,Pactagonal Shop,Normal Shop,,
,47,Evil Shop,Normal Shop,,
,48,Good Shop,Normal Shop,,
,49,Quibble Coinbiter's Shop,Seasonal Shop,,
,50,Voltaire's Shop,Rare Shop,,
,51,Earth Day,Seasonal Shop,,
,52,DemonHunter Horns,Item Shop,,"Requires 59269, Previously Luna Cove Rares and Chainsaw Shop"
,53,Guardian Shop,Badge Shop,,
,54,Dragonlord Shop,Badge Shop,,
,55,Star Captain Shop,Badge Shop,,
,56,Zio's Shop,Normal Shop,,
,57,Renn's Shop,Normal Shop,,
,58,Goose Merge Shop,Merge Shop,,
,59,Summer Break Shop,Seasonal Shop,,
,60,Chuckles,Promo Shop,,
,61,Peacock,Normal Shop,,
,62,Mustard,Normal Shop,,
,63,Plum,Normal Shop,,
,64,Hitchgreen,Normal Shop,,
,65,Scarlet,Normal Shop,,
,66,Whiteberry,Normal Shop,,
,67,Inn Staff,Normal Shop,,
,68,Nulgath,Normal Shop,,
,69,Legendary Suggestion Shop,Normal Shop,,
,70,House Item Shop (Furniture),House Shop,,
,71,House Shop,House Shop,,
,72,House Item Shop (Wall),House Shop,,
,73,House Item Shop (Other),House Shop,,
,74,Mage Shop,Staff Shop,,
,75,8-Bit House Shop,Rare Shop,House Shop,
,76,MechQuest ArtBook,Promo Shop,,
,77,Little Wolves House Items,House Shop,,
,78,Black Knight Shop,Normal Shop,,
,79,Coral Beach Merge,Merge Shop,,
,80,Dwarfhold Rep Shop,Reputation Shop,,
,81,Deady Shop,Promo Shop,,
,82,Drow Shop,AC Shop,,
,83,Mick Guyver Shop,House Shop,,
,84,Dwarfwar Shop,Normal Shop,,
,85,Basic Enhancement,Broken Shop,,
,86,Good Contract Shop,Reputation Shop,,
,87,Evil Contract Shop,Reputation Shop,,
,88,Good Rep Shop,Reputation Shop,,
,89,Evil Rep Shop,Reputation Shop,,
,90,Basic Enhancement Shop,Rare Shop,Enhancement Shop,
,91,Test Enhancement,Staff Shop,Enhancement Shop,Testers Only
,92,Quibble's House Shop,Rare Shop,House Shop,
,93,Cosplay Shop,Normal Shop,,
,94,Ninja Shop,Normal Shop,,
,95,Yokai Rep Shop,Reputation Shop,,
,96,Akiba House Shop,House Shop,,
,97,Akiba House Items,House Shop,,
,98,Mitsu Bishi Shop,AC Shop,,
,99,Voltaire House Items Shop,Badge Shop,House Shop,
,100,DoomKnight Shop,Member Shop,,
,101,AC DoomKnight Shop,AC Shop,,
,102,Canadian Thanksgiving,Seasonal Shop,,
,103,Beckett Shop,Normal Shop,,
,104,Vampire Shop Mogloween,Seasonal Shop,,
,105,Xergon Merge Shop,Merge Shop,,
,106,Mogloween AC Shop,Seasonal Shop,AC Shop,
,107,TempFounder,Broken Shop,,Previously Platinum Dragon Shop
,108,Blazebeard Merge,Seasonal Shop,Merge Shop,
,109,First Upholder,Broken Shop,,
,110,"Deady's ""Rare"" AC Shop",Rare Shop,AC Shop,
,111,Friday The 13th,Member Shop,,Also Seasonal one week
,112,Limited Time Shop,Rare Shop,,
,113,Cysero's Tutorial Shop,Rare Shop,,
,114,Tutorial Enhancements,Rare Shop,Enhancement Shop,
,115,Harvest Twig Shop,Seasonal Shop,,
,116,Harvest House Shop,Seasonal Shop,House Shop,
,117,Dark Holiday House,Rare Shop,,
,118,PTR Tester Shop,Rare Shop,,
,119,Adak's Shop,Normal Shop,,
,120,Forge Shop,Normal Shop,,
,121,PTR Enhancement 1,Rare Shop,Enhancement Shop,
,122,PTR Enhancement 10,Rare Shop,Enhancement Shop,
,123,PTR Enhancement 20,Rare Shop,Enhancement Shop,
,124,Frostval Seasonal Shop,Seasonal Shop,,
,125,Nulgath's Painting Shop,House Shop,,
,126,Old King Coal's Shop,Normal Shop,,
,127,Major Moglin Shop,Seasonal Shop,,
,128,Major Moglin's House Shop,Seasonal Shop,House Shop,
,129,New Year's Shop,Seasonal Shop,,
,130,Shrine Shop,Normal Shop,,
,131,Hashi Hime Rep Yokai,Reputation Shop,,
,132,Celestial Realm Merge,Merge Shop,,
,133,Big Daddy's Shop,Seasonal Shop,,
,134,Prince Jim's Shop,Seasonal Shop,,
,135,Beleen's Chaos Fuzzy Shop,Merge Shop,,
,136,Yokai New Year House Item Shop,Seasonal Shop,House Shop,
,137,Pancake Day Shop,Rare Shop,,
,138,Shadowslayer Z Shop,Normal Shop,,
,139,Vampire Rep Shop,Reputation Shop,,
,140,Master Enhancement Shop,Staff Shop,Enhancement Shop,
,141,Reserved Enh Shop - Fighter,Enhancement Shop,,
,142,Reserved Enh Shop - Thief,Enhancement Shop,,
,143,Reserved Enh Shop - Hybrid,Enhancement Shop,,
,144,Reserved Enh Shop - Wizard,Enhancement Shop,,
,145,Reserved Enh Shop - Healer,Enhancement Shop,,
,146,Reserved Enh Shop - Spellbreaker,Enhancement Shop,,
,147,Reserved Enh Shop - Lucky,Enhancement Shop,,
,148,Reserved Enh Shop - Armsman,Broken Shop,Enhancement Shop,
,149,Reserved Enh Shop 9,Broken Shop,Enhancement Shop,
,150,Reserved Enh Shop 10,Broken Shop,Enhancement Shop,
,151,Reserved Enh Shop 11,Broken Shop,Enhancement Shop,
,152,Reserved Enh Shop 12,Broken Shop,Enhancement Shop,
,153,Reserved Enh Shop 13,Broken Shop,Enhancement Shop,
,154,Reserved Enh Shop 14,Broken Shop,Enhancement Shop,
,155,Reserved Enh Shop 15,Broken Shop,Enhancement Shop,
,156,Reserved Enh Shop 16,Broken Shop,Enhancement Shop,
,157,Reserved Enh Shop 17,Broken Shop,Enhancement Shop,
,158,Reserved Enh Shop 18,Broken Shop,Enhancement Shop,
,159,Reserved Enh Shop 19,Broken Shop,Enhancement Shop,
,160,Reserved Enh Shop 20,Broken Shop,Enhancement Shop,
,161,Lycan Rep Shop,Reputation Shop,,
,162,Fair Token Shop,Seasonal Shop,,
,163,Preview,Preview Shop,,
,164,Yin,Normal Shop,,
,165,Yang,Normal Shop,,
,166,Vampire War Shop,House Shop,,
,167,Lycan War Shop,House Shop,,
,168,Grenwog,Seasonal Shop,,
,169,Dumoose's AC Shop,Rare Shop,,PTR Testing
,170,Thok's Shop,Normal Shop,,
,171,Thok's Upgrade Shop,Member Shop,,
,172,Metrea's Shop,Normal Shop,,
,173,Metrea's Upgrade Shop,Member Shop,,
,174,Arcana's Shop,Normal Shop,,
,175,Arcana's Upgrade Shop,Member Shop,,
,176,Juvania's Shop,Normal Shop,,
,177,Juvania's Upgrade Shop,Member Shop,,
,178,Mazumi's Shop,Normal Shop,,
,179,Artix's Shop,Normal Shop,,
,180,Noob Enh Shop,Staff Shop,Enhancement Shop,
,181,PvP Necklace,Normal Shop,,
,182,Taro,Broken Shop,,
,183,Oblivion,Broken Shop,,
,184,Game Boost Shop,AC Shop,,
,185,Captain Lore's Shop,Rare Shop,,
,186,Mythsong Rep,Reputation Shop,,
,187,Mythsong Item,Normal Shop,,
,188,Mythsong Pet,Member Shop,,
,189,Stratos' Birthday Shop,Rare Shop,,
,190,Cinco de Mayo,Rare Shop,,
,191,Mothers Day,Rare Shop,,
,192,Mythsong AC,AC Shop,,
,193,Zephyrus,Normal Shop,,
,194,Bounty Hunter Shop,Normal Shop,,
,195,Cysero's Wedding,Merge Shop,,
,196,June Holiday Shop,Rare Shop,,
,197,Zeppelin Shop,Normal Shop,,
,198,Zeppelin Boss Shop,Broken Shop,,
,199,One-Eyed Doll Event Shop,Normal Shop,,
,200,Backstage House Shop,House Shop,Member Shop,
,201,Pre-Concert Merge Shop,Rare Shop,Merge Shop,
,202,Hollowsoul Locker,Member Shop,,
,203,Freedom Shop,Seasonal Shop,,
,204,Hollowsoul Houses,House Shop,Member Shop,
,205,Green Guitar Shop,Promo Shop,,
,206,Chicken Cow Shop,Promo Shop,,
,207,Stream Live Draw Black Market,Rare Shop,,
,208,Viral Shop,Rare Shop,,
,209,Friday the 13th Event Rare Shop,Rare Shop,AC Shop,
,210,mergeshoptest,Staff Shop,Merge Shop,Testers Only
,211,Reens' Potion Shop,Normal Shop,,
,212,Blakk's Pets,Member Shop,,
,213,Moonwrath's Items,Normal Shop,,
,214,Arcangrove Rep Shop,Reputation Shop,,
,215,Undead Warrior Shop,AC Shop,,
,216,Undead Legion Shop,Normal Shop,,
,217,Mudluk Mushroom Shop,AC Shop,,
,218,Brasilian Independance Day,Seasonal Shop,,Previously called Obrigado Brasil
,219,Taco Day,Rare Shop,,
,220,Birthday2 AC Shop,Rare Shop,AC Shop,
,221,Test Shop,Staff Shop,,Testers Only
,222,PvP Trophy Shop,Merge Shop,,
,223,Mogloween Seasonal Merge,Seasonal Shop,Merge Shop,
,224,Rotting Pumpkin Shop,Rare Shop,Merge Shop,
,225,Daimyo's Birthday!,Rare Shop,Member Shop,
,226,One-Eyed Doll Video Shop,Rare Shop,,
,227,AE Calendar Shop,Promo Shop,,
,228,AE Novel Shop,Promo Shop,,
,229,Hollow Halls Merge Shop,Merge Shop,Member Shop,
,230,Ticklish Zorbo,Staff Shop,,
,231,A Little Touch of Death,Staff Shop,,
,232,Skyguard Outfitters,Rare Shop,,
,233,Golden Harvest Scythe,Rare Shop,,
,234,Harvest Day Parade Merge Shop,Seasonal Shop,Merge Shop,
,235,Chaorrupted Northlands Gear,Merge Shop,,
,236,Blinding Snow Shop,Normal Shop,,
,237,The Void,Normal Shop,,
,238,Undead Legion Merge,Merge Shop,,
,239,Blizzy's Shop,Seasonal Shop,,
,240,Blizzy's House Shop,Seasonal Shop,House Shop,
,241,New Year House Shop,Seasonal Shop,House Shop,
,242,Sandsea Rep Shop,Reputation Shop,,
,243,Sandsea Pet,Member Shop,,
,244,Sandsea House,House Shop,,
,245,Sandsea Food,Normal Shop,,
,246,EpicDuel Shirt,Broken Shop,,
,247,Black Market,Rare Shop,,
,248,BattleUnder Merge Shop,Merge Shop,,
,249,Limited Qty Shop,Rare Shop,,
,250,ED Shirt Shop,Promo Shop,,
,251,May Holiday Shop,Rare Shop,,
,252,Chinese New Year Shop,Rare Shop,,
,253,Game Challenge Shop,Rare Shop,,
,254,HeroSmash Alpha Shop,Rare Shop,,
,255,Nythera's Wedding Shop,Merge Shop,,
,256,Lucky Day Shamrock Fair Merge Shop,Seasonal Shop,Merge Shop,
,257,Pancake Day Shop,Seasonal Shop,,
,258,Mad Green Inventor Shop,Normal Shop,,
,259,Skyguard Rep Shop,Member Shop,,
,260,Skyguard Pet,Member Shop,,
,261,Potion Wep Test Shop,Staff Shop,,Testers Only
,262,Derp April Fools Day Shop,Rare Shop,,
,263,Skyguard Weapons,Member Shop,,
,264,The Shop of Horrors,Rare Shop,Merge Shop,Member
,265,CardClasher Shop,Promo Shop,,
,266,Fear Chaser Shop,Rare Shop,,
,267,CardClasher House,Promo Shop,House Shop,
,268,Sky-NET Assault Shop,Rare Shop,,
,269,Evolved Bunny Items,Seasonal Shop,Merge Shop,
,270,HeroSmash Launch!,Rare Shop,,
,271,Windsor Wedding Shop,Rare Shop,,
,272,Alina's Armory,Normal Shop,,
,273,DoomWood Arena Shop,Merge Shop,,
,274,Deady Big In Japan Shop,Promo Shop,,
,275,Deady Urkor Malravenous Shop,Promo Shop,,
,276,DoomWood Challenge,Normal Shop,,
,277,DoomWood Rep,Reputation Shop,,
,278,DoomFood,Normal Shop,,
,279,DoomWood Weapons,Normal Shop,,
,280,DoomWood Camouflage,Normal Shop,,
,281,DoomCoin Shop,Broken Shop,,
,282,Necromancer Shop,Member Shop,,
,283,Zorbak's Revenge,AC Shop,,
,284,Bandit Basher Merge Shop,Merge Shop,Member Shop,
,285,Necromancer Class,Merge Shop,,
,286,Dragon Hero Shop,Badge Shop,Member Shop,
,287,Stone Paladin Merge Shop,Merge Shop,,
,288,Stone Paladin Armor Shop,Normal Shop,,
,289,3 Month Legend Shop,Badge Shop,,
,290,15 Month Legend Shop,Badge Shop,,
,291,ShadowFall Merge Shop,Merge Shop,,
,292,Synderes Shop,Item Shop,,Requires 29574
,293,VIP Upgrade Shop,Badge Shop,,
,294,ArcAttack Back Stage,Member Shop,,
,295,Gravelyn's Shop,Member Shop,,
,296,Vayle's Shop,Member Shop,,
,297,Zorbak's Shop,House Shop,,
,298,???'s Shop,Normal Shop,,
,299,Class Shop,AC Shop,,
,300,Bad Ending,Normal Shop,,
,301,J6 Junkyard,Merge Shop,,
,302,Samba Armor Shop,Merge Shop,,
,303,Oishii's Cooking,Normal Shop,,
,304,Cooking Lessons Shop,Merge Shop,,
,305,Gallery Painting Shop,House Shop,Member Shop,
,306,Troll Rep Shop,Reputation Shop,,
,307,Bachius' Weapons Shop,Normal Shop,,
,308,Horc Rep Shop,Reputation Shop,,
,309,Sput's Butcher Shop,Member Shop,,
,310,Ghaz's Weapon Shop,Normal Shop,,
,311,Chaos Mod Pack,Promo Shop,,
,312,Doomwood Mod Pack,Promo Shop,,
,313,ChronoCorruptor Shop,Promo Shop,,
,314,Twilly's Key Shop,AC Shop,,
,315,Dragon Con Shop,Rare Shop,AC Shop,
,316,Horc War Shop,Merge Shop,,
,317,Troll War Shop,Merge Shop,,
,318,Troll AC Shop,AC Shop,,
,319,Horc AC Shop,AC Shop,,
,320,PaladinSlayer Gear,Badge Shop,Merge Shop,
,321,Troll Defiance Shop,Normal Shop,,
,322,Horc Defiance Shop,Normal Shop,,
,323,Deadmoor,Staff Shop,,
,324,Collector Token Merge,Merge Shop,,
,325,Super Fan Token Shop,Merge Shop,,
,326,Event Items,AC Shop,,
,327,Vindicator of They Armor,Item Shop,,Requires 9419
,328,Adventurer Enhancements,Enhancement Shop,,
,329,Vindicator of They Shop,Item Shop,,Requires 9398
,330,Troll Merge Shop,Merge Shop,,
,331,Horc Merge Shop,Merge Shop,,
,332,Synderes Shop,Merge Shop,,
,333,Bait Shop,Member Shop,,
,334,Paymentez Shop,Rare Shop,,
,335,Coin Collector Shop,Merge Shop,Member Shop,
,336,Zazul Treasure Chest,Merge Shop,,
,337,Harvest Feast Shop,Seasonal Shop,,
,338,,No Shop,,
,339,,No Shop,,
,340,Toy Sepulchure Shop,Promo Shop,,
,341,Toy Artix Shop,Promo Shop,,
,342,Toy Sepulchure House Shop,Promo Shop,House Shop,
,343,Toy Artix House Shop,Promo Shop,House Shop,
,344,Molgulp's Shop,Member Shop,,
,345,Ancient Mudluk Forge,Merge Shop,Member Shop,
,346,Blue Undead Legend Shop,Rare Shop,,
,347,Beleen's Merge Shop,Merge Shop,,
,348,Duncan's DragonHunter Shop,Member Shop,,
,349,Ferzana's Shop,Member Shop,,
,350,Rakham's Pirate Shop,Member Shop,,
,351,Fire Rep Shop,Reputation Shop,,
,352,Heromart Heroes Shirt,Promo Shop,,
,353,Kierk's Tinker Shop,Merge Shop,Member Shop,
,354,Friday the 13th House Shop,Rare Shop,House Shop,
,355,Kage's Shop,Merge Shop,Member Shop,
,356,Dynamite Shop,AC Shop,,
,357,As'iiur's Potions,Normal Shop,,
,358,Ang'st's House Shop,House Shop,,
,359,Air Rep Shop,Reputation Shop,,
,360,Yokai New Year Pets,Rare Shop,,
,361,Agent Sloan's Chest,Merge Shop,Member Shop,
,362,House Fishing Gear,House Shop,,
,363,Fishing Fear,Merge Shop,,
,364,Water Rep,Reputation Shop,,
,365,Cornelis Family Cache,Member Shop,,
,366,Cysero's Lens Shop,Member Shop,,
,367,Lady Azjurai Wedding,Rare Shop,,
,368,Earth Rep Shop,Reputation Shop,,
,369,Legion Soul Shop,Staff Shop,Merge Shop,
,370,Dark Heart Shop,Rare Shop,,
,371,Legend Bonus 2K AC Shop,Badge Shop,,
,372,Legend Bonus 5K AC Shop,Badge Shop,,
,373,MindBreaker 12K AC Shop,Badge Shop,,
,374,Carnaval!,Seasonal Shop,,
,375,SpiritHunter Shop,Merge Shop,Member Shop,
,376,Dage's Dark Birthday Shop,Seasonal Shop,AC Shop,
,377,Live at Yulgars Merge,Merge Shop,,
,378,Etherstorm Good Merge,Merge Shop,,
,379,Australia Day Shop,Rare Shop,,
,380,Australian House Shop,Rare Shop,,
,381,Cheezburger Trade-In,Rare Shop,House Shop,Merge
,382,Etherstorm Evil Merge,Merge Shop,,
,383,Desoloth Merge,Merge Shop,,
,384,J6 Shirt Shop,Promo Shop,,
,385,The Unbroken Sword,Member Shop,,
,386,Dwarven Defense,Member Shop,,
,387,Evolved Leprechaun AC Shop,Staff Shop,AC Shop,
,388,The NPCs Merge,Staff Shop,Merge Shop,
,389,Magic Thief Rewards,Normal Shop,,
,390,Deady Sleezter Shop,Promo Shop,,
,391,Blood Ancient Merge,Merge Shop,,
,392,EBILCORP Standard Shop,Rare Shop,AC Shop,
,393,Mousepad Shop,Promo Shop,,
,394,Dage Print Shop,Promo Shop,,
,395,Alchemy Items,Normal Shop,,
,396,Academic Merits Shop,Merge Shop,,
,397,Trading for Reagents,Merge Shop,,
,398,AQ3D Tech Demo Tester,Badge Shop,,
,399,Dev Backdoor,Broken Shop,,
,400,Royal UndeadSlayer Shop,Normal Shop,,
,401,Knave1 AC Shop,Rare Shop,AC Shop,
,402,Dage War Preparation,Rare Shop,,
,403,Michem's Helms and Capes,Merge Shop,Member Shop,
,404,Video Premiere Shop,Rare Shop,,
,405,Doom Starter Package DeathKnight,Badge Shop,,
,406,Coffee Dragon Print,Promo Shop,,
,407,Vayle's Doomwood Shop,Normal Shop,,
,408,Doomwood II Rep,Reputation Shop,,
,409,Xan Poster Shop,Promo Shop,,
,410,Artix's Doomwood Shop,Normal Shop,,
,411,Vayle's Necromancer Shop,Normal Shop,,
,412,Missing Sock Shop,Rare Shop,,
,413,Trading Mixtures (Jera),Merge Shop,,
,414,Trading Mixtures (Uruz),Merge Shop,,
,415,Trading Mixtures (Fehu),Merge Shop,,
,416,Trading Mixtures (Gebo),Merge Shop,,
,417,Data for Merits (Jera),Merge Shop,,
,418,Data for Merits (Uruz),Merge Shop,,
,419,Data for Merits (Fehu),Merge Shop,,
,420,Data for Merits (Gebo),Merge Shop,,
,421,Nulgath War Preparation,Rare Shop,,
,422,Light Merge,Merge Shop,,
,423,Doom Merge,Merge Shop,,
,424,50% War Shop,Normal Shop,,
,425,Zombie Merge Shop,Merge Shop,,
,426,Unrare Undead AC Shop,AC Shop,,
,427,100% War Shop,Normal Shop,,
,428,Good Heroes Poster Shop,Promo Shop,,
,429,Blinding Light Merge Shop,Staff Shop,Merge Shop,
,430,Doom Shadow Merge Shop,Staff Shop,Merge Shop,
,431,50% Chop Shop,Normal Shop,,
,432,100% Saviour Shop,Normal Shop,,
,433,CVS Promo Shop,Promo Shop,,
,434,Forge Metal,Merge Shop,,
,435,Finale Rewards,Normal Shop,,
,436,Banzai Souvenir Shop,Normal Shop,,
,437,Absurd Monster Foot Shop,Normal Shop,,
,438,EBILCORP Executive,Promo Shop,,
,439,The Span Rep Shop,Reputation Shop,,
,440,Tek's Gearz,Normal Shop,,
,441,Exodus Guardian,Rare Shop,,
,442,Bulbug's House Shop,House Shop,,
,443,Cysero's Orb Pet Shop,Member Shop,,
,444,Carnaval 2019 LTS,Rare Shop,,
,445,Kittarian Relic,Member Shop,,
,446,Golden Plate Promo,Badge Shop,,
,447,Pyromancer Shop,Merge Shop,,
,448,GameStop Promo Shop,Promo Shop,,
,449,Target Promo Shop,Promo Shop,,
,450,Icy Cache Merge,Merge Shop,Member Shop,
,451,Heromart Villains T-Shirt,Promo Shop,,
,452,Nulgath War Merge Shop,Merge Shop,,
,453,Paragon Set,Rare Shop,,
,454,Dage War Merge Shop,Merge Shop,,
,455,Legion War Shop,Merge Shop,,
,456,Nulgath Diamond Shop,Merge Shop,,
,457,Spell Crafting,Staff Shop,,
,458,Death Bunny Nitro Shop,Promo Shop,,
,459,Beast Maker AC shop,Rare Shop,,
,460,Evil War Print Shop,Promo Shop,,
,461,Lorelympics Shop,Rare Shop,,
,462,Epic Duel Armor Shop,Rare Shop,,
,463,900 AC Bonus Shop,Badge Shop,,
,464,Stranger's Shop,Merge Shop,,
,465,Dilligas' Merge Shop,Merge Shop,,
,466,Klunk (House Shop),Rare Shop,House Shop,
,467,Exos Merge Shop,Merge Shop,Member Shop,
,468,Power Gem Shop,Merge Shop,,
,469,Nulgath War Reward,Rare Shop,,
,470,DragonCon 2012 Shop,Promo Shop,,
,471,Good Alliance Shop,Normal Shop,,Must be Evil
,472,Evil Alliance Shop,Normal Shop,,Must be Good
,473,Cleric's Temple Shop,Normal Shop,,
,474,Solaris Shop,Reputation Shop,,
,475,Lunaris Shop,Reputation Shop,,
,476,Suggestion Shop,Normal Shop,,
,477,J6's Boss Bounty,Rare Shop,Merge Shop,
,478,Lag PTR Reward,Badge Shop,,
,479,Rare Houses Shop,Rare Shop,House Shop,
,480,Heroes and Villains Combo,Promo Shop,,
,481,My 1st BattlePet Shop,Member Shop,,
,482,Rare House Shop Wedding,Rare Shop,House Shop,
,483,4th Upholder,Badge Shop,,
,484,,No Shop,,
,485,Zorbak Shirt,Promo Shop,,
,486,Death's Rewards,Normal Shop,,
,487,Death's Rares,Rare Shop,,
,488,AQ Anniversary Shop,Rare Shop,,
,489,DF Anniversary Shop,Rare Shop,,
,490,MQ Anniversary Shop,Rare Shop,,
,491,AQW Anniversary Shop,Rare Shop,,
,492,HS Anniversary Shop,Rare Shop,,
,493,ED Anniversary Shop,Rare Shop,,
,494,Brightoak House,House Shop,,
,495,BioHazard Shop,Promo Shop,,
,496,Tree Titan,Staff Shop,,
,497,Mallora's Shop,Normal Shop,,
,498,Alina's Wedding,Merge Shop,,
,499,Chunin Shop,Rare Shop,Merge Shop,
,500,Cysero's Gear,Merge Shop,,
,501,Mogloween 2012 Shirt,Promo Shop,,
,502,10 Year Anniversary Shop,Promo Shop,,
,503,Something About a Dragon Shop,Promo Shop,,
,504,United Nations Day,Rare Shop,,
,505,Committed Event Rare,Rare Shop,,
,506,Committed Merge Shop,Merge Shop,,
,507,Mogloween Commited,Seasonal Shop,,
,508,2013 Calendar Shop,Promo Shop,,
,509,OverSoul Release Shop,Rare Shop,,
,510,Cysero's Tutorial Shop,Rare Shop,,
,511,Referral Shop,Merge Shop,,
,512,Destiny Shop,Rare Shop,,
,513,Guilds PTR Shop,Badge Shop,,
,514,???,Staff Shop,,
,515,Fall Fire Shop,Rare Shop,,
,516,The Span War Merge,Rare Shop,Merge Shop,
,517,ChaosLord Beleen Print,Promo Shop,,
,518,Fall Dryad Merge Shop,Item Shop,Merge Shop,Requires 14924
,519,Dark Harvest Shop,Seasonal Shop,,
,520,Sword of Hope,Seasonal Shop,Merge Shop,
,521,Athon's Frostval Shop,Seasonal Shop,,
,522,December Specials Shop,Rare Shop,,
,523,Beleen's Birthday House Shop,Rare Shop,House Shop,
,524,Baby Yeti T-Shirt,Promo Shop,,
,525,LQS House Merge,Rare Shop,House Shop,Merge
,526,New Beginning,Seasonal Shop,,
,527,Dreadspace Replicator,Merge Shop,,
,528,Chaos WatchTower,Normal Shop,,
,529,Holi-Daily Merge,Rare Shop,Merge Shop,
,530,Holi-Daily Resource,Rare Shop,,
,531,LQS Test,Staff Shop,,Testers Only
,532,Blackhorn AC Shop,AC Shop,,
,533,Blackhorn Tomb Shop,Normal Shop,,
,534,Winter Seasonal Shop,Rare Shop,Item Shop,"2013 Version, Requires 15701"
,535,Seasons Shop Tokens,Rare Shop,AC Shop,
,536,WitchHunter,Rare Shop,,
,537,Lionfang Invasion Shop,Normal Shop,,
,538,Lionfang Invasion AC Shop,AC Shop,,
,539,,No Shop,,
,540,,No Shop,,
,541,Pet Shop Tier 3,Staff Shop,,
,542,,No Shop,,
,543,Helper Pets,Rare Shop,,
,544,Thunderforge Rep,Reputation Shop,,
,545,Jade Samurai,Badge Shop,,
,546,Vokun Birthday,Rare Shop,,
,547,Darkblood Armors,Normal Shop,,
,548,Falguard Weapons,Normal Shop,,
,549,Spell Ink,Merge Shop,,
,550,Shattersword Shop,Member Shop,,
,551,Silver Duelist,Badge Shop,,
,552,,No Shop,,
,553,Shadow of Sepulchure,Promo Shop,,
,554,Shadow Wraith Shop,Promo Shop,,
,555,Shadow Empress,Promo Shop,,
,556,ChickenCow Bock Two,Promo Shop,,
,557,Treasure Map,AC Shop,,
,558,Undead Goat Merge,Rare Shop,Merge Shop,
,559,Hero Tournament,Merge Shop,,
,560,Trophyhunter Shop,Badge Shop,,
,561,Alpha Omega Merge,Member Shop,Merge Shop,
,562,Tournament Rare,Rare Shop,,
,563,Tournament Shop,Normal Shop,,
,564,Artix Mug,Promo Shop,,
,565,EbilCorp Mug,Promo Shop,,
,566,Beautiful Creatures,Rare Shop,,
,567,Stonehand Shop,Rare Shop,,
,568,Treasure Chest,Rare Shop,,
,569,Not A Mod Shirt,Promo Shop,,
,570,Legion Poster,Promo Shop,,
,571,Sketchbook,Promo Shop,,
,572,Death Pits Rewards,Normal Shop,,
,573,ShadowScythe Follower,Promo Shop,,
,574,Bright Knight,Merge Shop,,
,575,AQWorlds Cup,Seasonal Shop,,
,576,StormBringer,Badge Shop,,
,577,SoulForge,Item Shop,Merge Shop,Requires 16407
,578,DragonClaw,Badge Shop,,
,579,MCW Rare Shop,Rare Shop,,
,580,Valencia's Treasure Shop,AC Shop,,
,581,Galanoth's Birthday Merge,Seasonal Shop,Merge Shop,
,582,DragonSlayer Treasures,Normal Shop,,
,583,Royal Commander,Badge Shop,,
,584,Lionfang's Vault,AC Shop,,Right Chest
,585,Lionfang's Vault,AC Shop,,Middle Chest
,586,Lionfang's Vault,AC Shop,,Left Chest
,587,Manticore LTS,Rare Shop,AC Shop,
,588,Treasure Map,Rare Shop,AC Shop,
,589,SketchBook House Shop,Promo Shop,House Shop,
,590,Icarus Merge Shop,Merge Shop,,
,591,Spring Shop,Item Shop,,
,592,Undead Goat Morph,Item Shop,,Requires 30002
,593,Aria's Pet Eggs,Rare Shop,Merge Shop,
,594,Pet Eggs,Rare Shop,,
,595,Pink Romancer,Item Shop,,Requires 27424
,596,Dragon Blade Limited Time,Rare Shop,,
,597,Warp Necro Cape,AC Shop,,
,598,Warp Necro Set,Item Shop,,Requires 16971
,599,GI J6,Rare Shop,,
,600,Astral Guardian,Badge Shop,,
,601,Cysero Bacon T-Shirt,Promo Shop,,
,602,Astral Guardian,Rare Shop,,
,603,J6 House,Normal Shop,,House Item + Misc Item
,604,Dunestalker,Rare Shop,,
,605,Artist Showcase: Vokun,Normal Shop,,
,606,Gilded Champion Blade,AC Shop,,
,607,Center of Lore Shop,Normal Shop,,
,608,Lucky 13 Contest,Rare Shop,,
,609,Reward Gem Shop,Merge Shop,,
,610,,No Shop,,
,611,Artist Showcase: Memet,Normal Shop,,
,612,LightCaster,Badge Shop,,
,613,LightCaster LTS,Rare Shop,,
,614,RavenScar,Normal Shop,,
,615,RavenScar Legion,Normal Shop,,
,616,Worldsaver,Rare Shop,,
,617,Blood Titan Merge,Merge Shop,,
,618,Mirror Realm Merge,Merge Shop,,
,619,Irony X3,Rare Shop,,
,620,Artist Showcase: Hizu,Normal Shop,,
,621,Found Sock Shop,Rare Shop,,
,622,AC Spell Inks,Merge Shop,,
,623,Spellcraft Rep Shop,Reputation Shop,,
,624,Kanataka Warrior,Badge Shop,,
,625,Artist Showcase: Mido,Normal Shop,,
,626,Chaos Twin Print,Promo Shop,,
,627,Good Twin,Promo Shop,Item Shop,"Requires 17511, Good Side Only"
,628,Bad Twin,Promo Shop,Item Shop,"Requires 17511, Evil Side Only"
,629,Artist Showcase: Nulgath,Member Shop,,
,630,Blade of Awe,Merge Shop,,
,631,Gear of Awe,Normal Shop,,
,632,Awe Merge Shop,Merge Shop,,
,633,Hybrid Awe Enhancements,Enhancement Shop,,
,634,Stonewrit Merge,Merge Shop,,
,635,Fighter Awe Enhancements,Enhancement Shop,,
,636,Wizard Awe Enhancements,Enhancement Shop,,
,637,Thief Awe Enhancements,Enhancement Shop,,
,638,Healer Awe Enhancements,Enhancement Shop,,
,639,Lucky Awe Enhancements,Enhancement Shop,,
,640,Artist Showcase: Jemini,Normal Shop,,
,641,Lore's Defender,AC Shop,,
,642,Chaos War Merge,Merge Shop,,
,643,Chaos Destroyer,Normal Shop,,
,644,Golden Fury,Badge Shop,,
,645,,No Shop,,
,646,Chaos 100%,Normal Shop,,
,647,Pie-rate shop,Item Shop,,Requires 17867
,648,Artist Showcase: Dage,Member Shop,,
,649,Femme Fatalities,Normal Shop,,
,650,Artist Showcase: Aegis,Member Shop,,
,651,Loremaster Rep,Reputation Shop,,
,652,Mort's Shop,Normal Shop,,
,653,AQW Guide Shop,Rare Shop,AC Shop,
,654,Artist Showcase: Tyronius,Normal Shop,,
,655,Grim Gift Shop,Merge Shop,,
,656,Hero of Steel,Rare Shop,,
,657,MQ T-Shirt,Promo Shop,,
,658,DELETE ME,Preview Shop,,Previously called Summer Seasonal Shop Preview
,659,Artist Showcase: Beleen,Normal Shop,,
,660,Aeneas' Shop,Normal Shop,,
,661,Sybil's Shop,Normal Shop,,
,662,Shadowfire Emperor,Badge Shop,,
,663,Legion Champion,Rare Shop,,
,664,Summer Seasonal Shop,Item Shop,,Requires 16886
,665,AQWorlds War Z,Normal Shop,,
,666,Artist Showcase: Diozz,Normal Shop,,
,667,Trigoras Challenge,Merge Shop,,
,668,Cysero Merge Shop,Merge Shop,,
,669,Meme Moglin,Rare Shop,,
,670,Charon's Purge Merge,Merge Shop,,
,671,Ninja Warrior,Normal Shop,,
,672,Building Shop,Guild Shop,,Staff Only
,673,Shadowfire Emissary,Badge Shop,,
,674,Living Dungeon Merge,Merge Shop,,
,675,Guiding Blade,Item Shop,,
,676,Mini Valoth,Promo Shop,,
,677,Artist Showcase: Aranx,Normal Shop,,
,678,Starsinc Merge,Merge Shop,,
,679,Legendary Hero,Badge Shop,,
,680,Artist Showcase: Solrac,Normal Shop,,
,681,Sybil's Merge,Merge Shop,,
,682,Aeneas' Merge,Merge Shop,,
,683,Combo Breaker,Promo Shop,,
,684,MechQuest Finale,Normal Shop,,
,685,Fantastic Lore,Rare Shop,,
,686,Summer Blockbuster,Rare Shop,,
,687,July Moglin Pets,Rare Shop,,
,688,Enchanted Chess Shop,Normal Shop,,
,689,Maedoc's Shop,Reputation Shop,,
,690,Warlic's Shop,Reputation Shop,,
,691,Muerdan's Shop,Reputation Shop,,
,692,Spellcraft Shop,Reputation Shop,,
,693,Arcane Quill Shop,AC Shop,,
,694,Archfiend Class,AC Shop,,
,695,Archfiend Merge,Merge Shop,,
,696,Base ENH Shop,Rare Shop,Enhancement Shop,
,697,Artist Showcase: Ven,Normal Shop,,
,698,Swordhaven Armory,Normal Shop,,
,699,Gjappy Birthday Shop,Rare Shop,,
,700,Swordhaven Weapons,Normal Shop,,
,701,Swordhaven Pets,Member Shop,,
,702,Swordhaven Rep,Reputation Shop,,
,703,Artist Showcase: Roroth,Normal Shop,,
,704,Shadow Sorcerer,Badge Shop,,
,705,Brutalcorn Shop,Rare Shop,,
,706,Shadow Sorcerer LTS,Rare Shop,,
,707,Fortune Tickets,AC Shop,,
,708,DragonFable T-shirt,Promo Shop,,
,709,Doom Preview,Preview Shop,,
,710,Archives,Member Shop,,
,711,Aranx Birthday,Rare Shop,,
,712,Doom Merge,Merge Shop,,
,713,Artix Attacks T-Shirt,Promo Shop,,
,714,Chaos Eye T-Shirt,Promo Shop,,
,715,Pre-Event 13Th Shop,Rare Shop,Member Shop,
,716,Treasure Hoard,Member Shop,,
,717,Brightoak,Rare Shop,,
,718,Chika Birthday Shop,Rare Shop,,
,719,Gustav Merge,Member Shop,Merge Shop,
,720,Undead Legion Naval,Rare Shop,Merge Shop,
,721,Destiny Merge,Rare Shop,,
,722,Distressed DF Shirt,Promo Shop,,
,723,Naval Top Hat Merge,Merge Shop,,
,724,Naval Merge Resource,Normal Shop,,
,725,Starsinc Rares,Rare Shop,,
,726,Wedding Presents,Normal Shop,,
,727,Fall Seasonal Shop,Item Shop,,Requires 16887
,728,Fall Seasonal Preview,Preview Shop,,
,729,Zoshi's Featured Artist,Normal Shop,,
,730,AdventureQuest Gear,Normal Shop,,
,731,DragonFable Gear,Normal Shop,,
,732,MechQuest Gear,Normal Shop,,
,733,AQWorlds BattleCon Gear,Normal Shop,,
,734,EpicDuel Gear,Normal Shop,,
,735,HeroSmash Gear,Normal Shop,,
,736,OverSoul Gear,Normal Shop,,
,737,BattleGems Gear,Normal Shop,,
,738,EbilCorp Gear,Normal Shop,,
,739,HeroMart Gear,Normal Shop,,
,740,Beleen's Balloons,Rare Shop,,
,741,Food Court,Normal Shop,,
,742,1st Upholder,Badge Shop,,
,743,2nd Upholder,Badge Shop,,
,744,3rd Upholder,Badge Shop,,
,745,Founder Shop,Badge Shop,,
,746,5th Upholder,Badge Shop,,
,747,Sweetest Helm,Rare Shop,,
,748,Blood Shadowcaster,Badge Shop,,
,749,BattleMage,Normal Shop,,
,750,Dragon's Bane Gear,Normal Shop,,
,751,Battlecon Cosplay Shop,Rare Shop,,
,752,Clawg Pet,Promo Shop,,
,753,Artist Showcase: Ghost,Normal Shop,,
,754,Artist Showcase: Arklen,Normal Shop,,
,755,Secret Lab Merge,Merge Shop,,
,756,Dragon Shinobi Merge,Rare Shop,Merge Shop,
,757,Dragon Shinobi Class,Rare Shop,,
,758,Lab Gear,Normal Shop,,
,759,Oracle Class,AC Shop,,
,760,Guilds Halls PTR Shop,Badge Shop,House Shop,
,761,,No Shop,,
,762,Lvl 50+ Healer Enh,Enhancement Shop,,
,763,Lvl 50+ Lucky Enh,Enhancement Shop,,
,764,Lvl 50+ Spellbreaker Enh,Enhancement Shop,,
,765,Lvl 50+ Wizard Enh,Enhancement Shop,,
,766,Lvl 50+ Hybrid Enh,Enhancement Shop,,
,767,Lvl 50+ Thief Enh,Enhancement Shop,,
,768,Lvl 50+ Fighter Enh,Enhancement Shop,,
,769,BrideandGroom,Merge Shop,,
,770,Mog-GLOW-ween Merge,Seasonal Shop,Merge Shop,
,771,2014 Calendar,Promo Shop,,
,772,Artix Logo T-shirt,Promo Shop,,
,773,Thor's Day Shop,Item Shop,AC Shop,
,774,Shriekward Potions,Normal Shop,,
,775,Nightmare Novelties,Normal Shop,,Previously Memet's Birthday Shop!
,776,Chaos Shop,Reputation Shop,,
,777,Journey Shop,Staff Shop,,
,778,Doctor Whoooo,Rare Shop,,
,779,Zardis House Shop,Rare Shop,House Shop,
,780,Black Friday Shop,Seasonal Shop,,
,781,Cyber Monday,Seasonal Shop,,
,782,Turdrakolich Rares,Rare Shop,,
,783,Shadowspawn Warrior,Badge Shop,,
,784,Spring Seasonal Shop,Rare Shop,Item Shop,Requires 23589
,785,,No Shop,,Previously Spring Preview Shop
,786,Winter Seasonal Shop,Rare Shop,Item Shop,Requires 21466 or 15701
,787,Bright Fortress,Badge Shop,,LQS
,788,Artix Wedding Merge,Merge Shop,,
,789,Glacial Warlord,Badge Shop,,
,790,Glacial Warlord Armor,Rare Shop,,
,791,Darkwinter Good Merge,Seasonal Shop,Merge Shop,
,792,Darkwinter Evil Merge,Seasonal Shop,Merge Shop,
,793,Necrotic Sword of Doom,Merge Shop,,
,794,J6 Space,Rare Shop,,
,795,Mirror Realm Invasion Merge,Merge Shop,Member Shop,
,796,Data Elemental Combo,Badge Shop,,
,797,Love Caster Class,Item Shop,,Requires 21582
,798,Ash Birthday,Rare Shop,,
,799,Countdown to New Year,Rare Shop,,
,800,Darkwinter War Shop,Rare Shop,,
,801,Brightoak Reputation,Reputation Shop,,
,802,Ulfgar's Shop,Seasonal Shop,,
,803,Shadowfall Defense,Merge Shop,,
,804,Shadowfall Commander,Badge Shop,,
,805,Bitterfrost Dragon,Badge Shop,,
,806,Ultra Elemental Capes,AC Shop,,
,807,Legendary Ultra Elemental Capes,Member Shop,,
,808,Frost Lich,Staff Shop,,
,809,Legendary Ultra Elemental Class,Merge Shop,AC Shop,
,810,Ultra Elemental Class,Merge Shop,AC Shop,
,811,Ultra Elemental Gear,Item Shop,AC Shop,Requires 22006
,812,Legendary Elemental Gear,Item Shop,AC Shop,Requires 22195
,813,Nulgath's Birthday Shop,Seasonal Shop,,Previously Nulgath Birthday
,814,Fae's Shop,Normal Shop,,
,815,Fable Forest Merge,Merge Shop,,
,816,Battle Gems Pet,Rare Shop,,
,817,Battle Gems Shop,Rare Shop,,
,818,Member Class Shop,Member Shop,,
,819,Limited Event Merge,Seasonal Shop,Merge Shop,Previously Yokai New Year Rares
,820,,No Shop,,
,821,Immortal Legion Poster,Promo Shop,,
,822,Level 10+ Champion,Merge Shop,,
,823,Level 20+ Champion,Merge Shop,,
,824,Level 30+ Champion,Merge Shop,,
,825,Level 40+ Champion,Merge Shop,,
,826,Level 50+ Champion,Merge Shop,,
,827,Blockhead Shop,Rare Shop,,
,828,Zoshi Birthday,Rare Shop,,
,829,Battle Gems Founder,Badge Shop,,
,830,Beleen's Dream Island Shop,Normal Shop,,
,831,August Rares,Rare Shop,,
,832,Good Alliance Gear,Reputation Shop,,
,833,,No Shop,,
,834,Evil Alliance Shop,Reputation Shop,,
,835,Timedragon Warrior,Badge Shop,,
,836,Timedragon Warrior Plus,Badge Shop,,
,837,Timedragon Warrior Ultra,Badge Shop,,
,838,Greywolf Commander,Badge Shop,,
,839,Dage's Birthday Merge,Seasonal Shop,Merge Shop,
,840,Zack's Shop,Rare Shop,,
,841,Artix's Mug,Promo Shop,,
,842,Ebilcorp Mug,Promo Shop,,
,843,Dage's Birthday Altar,Rare Shop,Reputation Shop,
,844,Battle Gems Game Gear,Seasonal Shop,Merge Shop,
,845,Evolved Dark Caster Class,Rare Shop,,
,846,Noob Shop,Rare Shop,,
,847,Twilght Rewards,Normal Shop,,
,848,Ravenloss War Rewards,Normal Shop,,
,849,Double Mug,Promo Shop,,
,850,Arachnomancer Shop,Reputation Shop,,
,851,Ravenloss War Merge,Rare Shop,Merge Shop,
,852,Dichromatic Shop,Rare Shop,,
,853,Bellybutton Armor,Rare Shop,,
,854,Verde Warrior,Promo Shop,,
,855,Intiero Warrior,Promo Shop,,
,856,Cave Loot,Rare Shop,,
,857,Dragon Morph,Rare Shop,,
,858,Monster Hunter Shop,Merge Shop,,
,859,WolfHound Warrior,Badge Shop,,
,860,WolfHound Plus,Badge Shop,,
,861,WolfHound Ultra,Badge Shop,,
,862,Fantasy Hero Pass,Badge Shop,,
,863,Il'Lar's Armors,Reputation Shop,,
,864,Aniya's Weapons,Reputation Shop,,
,865,Phelan's Brews,Normal Shop,,
,866,May the Fourth,Seasonal Shop,,
,867,Shav'Riel's Helms,Reputation Shop,,
,868,Smothers's Capes,Reputation Shop,,
,869,Golden Forest Warrior,Rare Shop,,
,870,Glacier Lord Set,Badge Shop,,LQS
,871,Lavastorm Lord Set,Badge Shop,,LQS
,872,Dragon Salvation Shop,Badge Shop,,LQS
,873,Shadowdragon Set,Badge Shop,,LQS
,874,Necronaut Rares,Rare Shop,,
,875,Randor Birthday,Rare Shop,,
,876,Dragon Commander,Badge Shop,,
,877,Dragon Champion,Badge Shop,,
,878,Dragon Emperor,Badge Shop,,
,879,Fell Beast Shop,Merge Shop,,
,880,Escherion Print Bonus,Promo Shop,,
,881,Bright Fortress,Badge Shop,House Shop,
,882,Escherion Print,Promo Shop,,
,883,X-Treme Mutant,Rare Shop,,
,884,Hyperspace Shop,Rare Shop,Item Shop,Requires 24152
,885,Galactic Shop,Rare Shop,Item Shop,Requires 24153
,886,Blackhole Shop,Rare Shop,Item Shop,Requires 24154
,887,Chaos Lab Merge Shop,Merge Shop,,
,888,OMGZilla,Rare Shop,,
,889,Razorclaw Merge,Merge Shop,,
,890,Animated Item Shop,Rare Shop,,
,891,Chaos Slayer Class,Reputation Shop,,
,892,Thirdspell Merge,Merge Shop,,
,893,Chaos Slayer AC shop,Rare Shop,AC Shop,
,894,Gift Certificate,Promo Shop,,
,895,Drakath Print,Promo Shop,,
,896,Chaotic Friday the 13th,Rare Shop,,
,897,Willowcreek War Chest,Rare Shop,Item Shop,Requires 24387
,898,Warlock Grand Master,Badge Shop,,
,899,Forsaken Warrior,Badge Shop,,
,900,Warlock Adept,Badge Shop,,
,901,Shadow Warlock,Badge Shop,,
,902,Captain Swordhaven,Promo Shop,,
,903,Paragon of Light,Badge Shop,,
,904,Dungeon Treasure Chest,Member Shop,Merge Shop,
,905,Guild Launch,Badge Shop,,
,906,World War Lore Merge,Merge Shop,,
,907,Bev's Wig Shop,Normal Shop,,
,908,Chaos Paragon,Badge Shop,,
,909,Eternal Warrior,Badge Shop,,
,910,Chaos Conqueror,Badge Shop,,
,911,Blazing Chaos,Badge Shop,,
,912,Nine Tentatails,Badge Shop,,
,913,50% Alliance PVP Shop,Staff Shop,,
,914,50% Chaos PvP Shop,Staff Shop,,
,915,1 Month Loyalty,Badge Shop,,
,916,2 Months Loyalty,Badge Shop,,
,917,3 Months Loyalty,Badge Shop,,
,918,6 Months Loyalty,Badge Shop,,
,919,9 Months Loyalty,Badge Shop,,
,920,12 Months Loyalty,Badge Shop,,
,921,15 Months Loyalty,Badge Shop,,
,922,2 Years Loyalty,Badge Shop,,
,923,3 Years Loyalty,Badge Shop,,
,924,4 Years Loyalty,Badge Shop,,
,925,5 Years Loyalty,Badge Shop,,
,926,500 AC Loyalty,Badge Shop,,
,927,2000 AC Loyalty,Badge Shop,,
,928,12000 AC Loyalty,Badge Shop,,
,929,25000 AC Loyalty,Badge Shop,,
,930,50000 AC Loyalty,Badge Shop,,
,931,100000 AC Loyalty,Badge Shop,,
,932,200000 AC Loyalty,Badge Shop,,
,933,1 Week Anniversary,Badge Shop,,
,934,1 Month Anniversary,Badge Shop,,
,935,3 Months Anniversary,Badge Shop,,
,936,6 Months Anniversary,Badge Shop,,
,937,12 Months Anniversary,Badge Shop,,
,938,15 Months Anniversary,Badge Shop,,
,939,2 Year Anniversary,Badge Shop,,
,940,3 Year Anniversary,Badge Shop,,
,941,4 Year Anniversary,Badge Shop,,
,942,5 Year Anniversary,Badge Shop,,
,943,6 Year Anniversary,Badge Shop,,
,944,Prologue Complete,Badge Shop,,
,945,Shadowfall Complete,Badge Shop,,
,946,Chiral Valley Champion,Badge Shop,,
,947,Dwarfhold Champion,Badge Shop,,
,948,Yokai Champion,Badge Shop,,
,949,Darkovia Champion,Badge Shop,,
,950,Mythsong Champion,Badge Shop,,
,951,Arcangrove Champion,Badge Shop,,
,952,Sandsea Champion,Badge Shop,,
,953,DragonSlayer Trophy,Item Shop,,Requires 26471
,954,Annihilator of Battleon,Rare Shop,,
,955,Defender of Battleon,Rare Shop,,
,956,Alden's Pack,Normal Shop,,
,957,Tower Helms,Staff Shop,,
,958,Panda Hoodie,Promo Shop,,
,959,Legendary Gear Shop,Member Shop,,
,960,Blockbuster Battle Shop,Rare Shop,,
,961,Featured Artist LQS Memet,Badge Shop,,
,962,DragonFlight,Item Shop,,Requires 23830
,963,Orange Drellie,Promo Shop,,
,964,Dreadmaw Merge,Merge Shop,,
,965,Featured Artist LQS Nulgath (AC),Badge Shop,,LQS
,966,Chaos Champion Prime,Item Shop,,Requires 25306
,967,Zorbak Orange Drellie,Promo Shop,,
,968,Chaos Lord Items,Promo Shop,Item Shop,
,969,Shadowscythe Gryphon,Badge Shop,,LQS
,970,Shadowscythe Rider,Badge Shop,,LQS
,971,DreadLeopard Gryphon,Badge Shop,,LQS
,972,DreadLeopard Gryphon Rider,Badge Shop,,LQS
,973,Bright Gryphon,Badge Shop,,LQS
,974,Bright GryphonRider,Badge Shop,,LQS
,975,GryphonRider Guards,Badge Shop,,LQS
,976,Beastmaster Class,Reputation Shop,Member Shop,
,977,13 Lord of Chaos Poster Shop,Promo Shop,House Shop,
,978,AE Panel Survivor,Promo Shop,,
,979,Beastmaster AC Shop,Member Shop,,
,980,Vokun Merge,Merge Shop,,
,981,Bladelord AC Shop,Rare Shop,,
,982,Waves of Wrath,Rare Shop,,
,983,Deep Terror Blade,Rare Shop,,
,984,Barnacle's Bandanas,Merge Shop,,
,985,Preen's Pet Shop,Normal Shop,,
,986,6th Upholder,Badge Shop,,
,987,Bloodtusk Champion,Badge Shop,,
,988,Trolls Ally,Staff Shop,,
,989,TheSpan Champion,Badge Shop,,
,990,ThunderForge Champion,Badge Shop,,
,991,Swordhaven Champion,Badge Shop,,
,992,Mirror Realm Champion,Badge Shop,,
,993,DoomSkull Champion,Badge Shop,,
,994,Drakath's Armor,Badge Shop,Item Shop,
,995,Haunted Muffins,Normal Shop,,
,996,Artifact Hunter Merge,Rare Shop,Merge Shop,
,997,Amazons Accessories,Normal Shop,,
,998,Dread's Weapons,Merge Shop,,
,999,Throne Depot,House Shop,,
,1000,???,Staff Shop,,